{
    "candidates": [
        {
            "address": "180 Lonsdale St, Melbourne, Victoria, 3000",
            "attributes": {
            },
            "extent": {
                "xmax": 144.96755022956737,
                "xmin": 144.96555022956736,
                "ymax": -37.80981040287894,
                "ymin": -37.81181040287893
            },
            "location": {
                "x": 144.96655022956736,
                "y": -37.810810402878936
            },
            "score": 100
        }
    ],
    "spatialReference": {
        "latestWkid": 4326,
        "wkid": 4326
    }
}