{
    "IPResult": {
        "candidates": [
            {
                "address": "12 Apostles Helicopters",
                "attributes": {
                },
                "extent": {
                    "xmax": 143.1109100000001,
                    "xmin": 143.1009100000001,
                    "ymax": -38.65605999999996,
                    "ymin": -38.666059999999966
                },
                "location": {
                    "x": 143.1059100000001,
                    "y": -38.661059999999964
                },
                "score": 100
            }
        ],
        "spatialReference": {
            "latestWkid": 4326,
            "wkid": 4326
        }
    },
    "error": "OK"
}